{
  "BEL": 0.49375997990926856,
  "FRA": 0.17843071489700377,
  "NLD": 0.08161069723856919,
  "DEU": 0.06867782573477463,
  "IRL": 0.056951493130717235,
  "RoW": 0.04253295882815598,
  "LUX": 0.03221108179551602,
  "ARG": 0.020757424924522767,
  "PRT": 0.013902586435044351,
  "ITA": 0.011165237106427393
}
