{
  "FRA": 0.7854364055000318,
  "BEL": 0.06799359523869851,
  "DEU": 0.06408427052489474,
  "SGP": 0.04626089939513481,
  "RoW": 0.026081888147207098,
  "NLD": 0.010142941194033112
}
