{
  "FRA": 0.5521390817478551,
  "BEL": 0.18926847537619015,
  "DEU": 0.08009305120504814,
  "ESP": 0.07803818928614596,
  "NLD": 0.07568294749323419,
  "RoW": 0.024778254891526363
}
