{
  "BEL": 0.47279590459788146,
  "DEU": 0.450136187398157,
  "FRA": 0.05381383340236237,
  "RoW": 0.02325407460159929
}
