{
  "DEU": 0.7293668402368033,
  "BEL": 0.19308376419641632,
  "RoW": 0.045228998232656276,
  "NLD": 0.018846453963963512,
  "ESP": 0.01347394337016065
}
