{
  "FRA": 0.6602626695006373,
  "BEL": 0.169222200417057,
  "ITA": 0.05693987284546304,
  "DEU": 0.04787175877851404,
  "RoW": 0.03446797497540161,
  "PRT": 0.031235523482927154
}
