{
  "BEL": 0.5731535613554142,
  "DEU": 0.3192569048605441,
  "RoW": 0.07993426234816718,
  "FRA": 0.0276552714358747
}
