{
  "DEU": 0.3886475288622457,
  "FRA": 0.3862400210501207,
  "BEL": 0.21648200057148598,
  "RoW": 0.008630449516147718
}
