{
  "DEU": 0.5295125036078278,
  "FRA": 0.3112807704713714,
  "BEL": 0.12392100882932902,
  "AUT": 0.013398091496969298,
  "LUX": 0.01260663319917688,
  "RoW": 0.009280992395325583
}
