{
  "FRA": 0.03369402504615987,
  "DEU": 0.9663059745475252,
  "RoW": 4.06315031534189e-10
}
