{
  "FRA": 0.9577042213955053,
  "DEU": 0.036353934532970776,
  "RoW": 0.005941844071523998
}
