{
  "NLD": 0.5230762347859694,
  "DEU": 0.22080212065167473,
  "BEL": 0.1616202711005799,
  "FRA": 0.09005575128500888,
  "RoW": 0.004445622176767127
}
