{
  "FRA": 0.6501350922119224,
  "DEU": 0.1616288307909722,
  "BEL": 0.1186882274756592,
  "LUX": 0.0416414468872352,
  "RoW": 0.017486110555992265,
  "USA": 0.01042029207821872
}
