{
  "BEL": 0.4457481995918959,
  "NLD": 0.20904303098239502,
  "DEU": 0.1848669239213468,
  "FRA": 0.09935711102761036,
  "AUT": 0.036966549613009644,
  "RoW": 0.013339893572115223,
  "POL": 0.010678291291627172
}
