{
  "BEL": 0.3715745632316833,
  "DEU": 0.35986483766602784,
  "ITA": 0.12762844225997586,
  "FRA": 0.07011353379531272,
  "RoW": 0.047120526637865257,
  "NLD": 0.02369809640913502
}
