{
  "DEU": 0.7005343547979597,
  "BEL": 0.11257640983875211,
  "RoW": 0.08822563103713296,
  "FRA": 0.03365893209230213,
  "NLD": 0.03176776473829094,
  "PRT": 0.01663177086676008,
  "CZE": 0.01660513662880226
}
