{
  "CHN": 0.28906598931575417,
  "DEU": 0.19379918199373908,
  "KOR": 0.17088828759658173,
  "NLD": 0.11421504204273676,
  "JPN": 0.11381759978860112,
  "CHE": 0.02977995006604433,
  "FRA": 0.029126476878187927,
  "ITA": 0.01756344253668202,
  "USA": 0.016095223124319106,
  "CZE": 0.013450880593019488,
  "RoW": 0.012197926064334317
}
