{
  "FRA": 0.6011332609598615,
  "DEU": 0.17865595213576396,
  "BEL": 0.12756096875185804,
  "RoW": 0.04710106364220625,
  "AUT": 0.04554875451031019
}
