{
  "DEU": 0.4324141880135198,
  "FRA": 0.3670532490148492,
  "BEL": 0.1267772335456788,
  "RoW": 0.04625172342632233,
  "LUX": 0.027503605999629997
}
