{
  "BEL": 0.5943294601735334,
  "RoW": 0.029955287001338603,
  "FRA": 0.034672707117443476,
  "DEU": 0.34104254570768455
}
