{
  "BEL": 0.6487735670465001,
  "RoW": 0.17863295561188067,
  "NLD": 0.11795285110267012,
  "DEU": 0.02858111351284232,
  "FRA": 0.02605951272610689
}
