{
  "BEL": 0.3820942384720394,
  "DEU": 0.3332108939449559,
  "NLD": 0.12947438221694227,
  "FRA": 0.0683000637107942,
  "ITA": 0.03606308455625317,
  "RoW": 0.03188486186456615,
  "LUX": 0.018972475234448855
}
