{
  "FRA": 0.37293200807399723,
  "DEU": 0.22340259062440282,
  "BEL": 0.16130061814223173,
  "IND": 0.13311451315680875,
  "RoW": 0.05079421932752869,
  "NLD": 0.03835901991289387,
  "CHN": 0.02009703076213692
}
