{
  "NLD": 0.23372077789729653,
  "DEU": 0.23141142222991734,
  "BEL": 0.14405586110624685,
  "ITA": 0.08082152520413244,
  "LTU": 0.0673566085392185,
  "FRA": 0.0672080021893193,
  "ESP": 0.06498162549300984,
  "RoW": 0.04542861184636428,
  "LVA": 0.042848056464593415,
  "GBR": 0.011132447097513837,
  "LUX": 0.011035061932387543
}
