{
  "BEL": 0.46406961537459995,
  "DEU": 0.3197840256246968,
  "NLD": 0.08971937220004152,
  "POL": 0.06988967565525367,
  "RoW": 0.037273727440152685,
  "FRA": 0.019263583705255324
}
