{
  "NLD": 0.6836630787123461,
  "DEU": 0.22690922304828393,
  "BEL": 0.05072772671205391,
  "RoW": 0.021932972890839657,
  "AUT": 0.016766998636476467
}
