{
  "DEU": 0.7744096954824731,
  "BEL": 0.06384344694760387,
  "AUT": 0.05271140761261862,
  "FRA": 0.039477781341348155,
  "RoW": 0.03561117192871708,
  "CHN": 0.02257582822021361,
  "ITA": 0.011370668467025636
}
