{
  "DEU": 0.45924111614417046,
  "BEL": 0.33813753276339387,
  "FRA": 0.08065183337187166,
  "RoW": 0.07298950450468661,
  "ISR": 0.027892216098926205,
  "ITA": 0.010750914051360964,
  "CZE": 0.010336883065590287
}
