{
  "CHN": 0.3340364767631944,
  "POL": 0.2740973935936194,
  "KOR": 0.16084998895248823,
  "DEU": 0.14528627377633513,
  "RoW": 0.04117425239298802,
  "BEL": 0.026472137363839996,
  "FRA": 0.01808347715753476
}
