{
  "DEU": 0.3404524190344545,
  "BEL": 0.24512607054661273,
  "NLD": 0.10200510818715461,
  "ITA": 0.08132212258533898,
  "RoW": 0.07202560462244535,
  "IRL": 0.07185536886356785,
  "FRA": 0.042064850261808284,
  "GBR": 0.026525886167011754,
  "POL": 0.01862256973160578
}
