{
  "DEU": 0.5621925158557077,
  "BEL": 0.1863192810744323,
  "RoW": 0.08785833915894448,
  "HRV": 0.04832900877333608,
  "CHN": 0.035713890939853346,
  "ITA": 0.027168411193950737,
  "NLD": 0.024361668404863306,
  "FRA": 0.01439590298765396,
  "ESP": 0.013660981611258081
}
