{
  "DEU": 0.5451374604668641,
  "BEL": 0.17647433580926175,
  "POL": 0.1227239304624818,
  "RoW": 0.11070972804416859,
  "FRA": 0.023359613288693213,
  "LUX": 0.011042426463366362,
  "BIH": 0.010552505465164301
}
