{
  "DEU": 0.35850917856745834,
  "BEL": 0.2220709864817141,
  "CHN": 0.10254657860350644,
  "RoW": 0.0757293173501443,
  "FRA": 0.06219827238185305,
  "NLD": 0.04665868655567514,
  "ISR": 0.04563414678159798,
  "ITA": 0.02936260557364476,
  "LUX": 0.01906922396155348,
  "POL": 0.013680514288195207,
  "GBR": 0.012770224755707037,
  "CZE": 0.01177026469895007
}
