{
  "USA": 0.25863884553204336,
  "BEL": 0.22171478960160795,
  "POL": 0.13848599603703673,
  "SAU": 0.0948607799946628,
  "CHE": 0.061627358389379404,
  "RUS": 0.05281464832623303,
  "RoW": 0.04651419214162391,
  "DEU": 0.03521627119883194,
  "FRA": 0.03430199191407893,
  "NLD": 0.026571300480629657,
  "KOR": 0.017720942313815158,
  "IND": 0.011532884070057096
}
