{
  "CZE": 0.39890619644895936,
  "DEU": 0.2884206163530001,
  "FRA": 0.20958658174616676,
  "POL": 0.06824144159983432,
  "RoW": 0.018667732766034593,
  "SVN": 0.016177431086004977
}
