{
  "DEU": 0.5529269951739775,
  "BEL": 0.15019495412267106,
  "ITA": 0.12761250512106512,
  "RoW": 0.08492204655932971,
  "FRA": 0.051573749692750866,
  "NLD": 0.020727750217437946,
  "LUX": 0.012041999112767774
}
