{
  "DEU": 0.29588797181392307,
  "FRA": 0.19343888488869818,
  "BEL": 0.14924305155329393,
  "RoW": 0.09720551744608118,
  "ITA": 0.095497745431298,
  "POL": 0.0690805907738233,
  "CHN": 0.040496566800213116,
  "BOL": 0.023632823013507328,
  "NLD": 0.022495380514311627,
  "IND": 0.013021467764850202
}
