{
  "DEU": 0.6086131433222962,
  "BEL": 0.23145349778937815,
  "FRA": 0.10973334845696003,
  "UKR": 0.026347456629660964,
  "RoW": 0.023852553801704625
}
