{
  "DEU": 0.5802194359912911,
  "BEL": 0.12284621398845685,
  "RoW": 0.1176281252138289,
  "FRA": 0.09300910357757988,
  "SWE": 0.04442568671224882,
  "SVK": 0.02533923798014933,
  "CMR": 0.016532196536445092
}
