{
  "DEU": 0.5658702864703171,
  "BEL": 0.11099430174402511,
  "RoW": 0.10974223689955186,
  "CMR": 0.05597810327550914,
  "BRA": 0.029362575753811602,
  "IDN": 0.026745782445368647,
  "NLD": 0.02670705593375689,
  "FRA": 0.0234920514884464,
  "ITA": 0.020476105931451567,
  "AUT": 0.017558311777255933,
  "THA": 0.013073188280505714
}
