{
  "DEU": 0.5889791102926153,
  "BEL": 0.19965009088140928,
  "FRA": 0.12657512314254424,
  "RoW": 0.06185494360755465,
  "CZE": 0.022940732075876564
}
