{
  "DEU": 0.6310324993141272,
  "BEL": 0.1951663188799843,
  "RoW": 0.06052735587009647,
  "FRA": 0.04224167322920433,
  "UKR": 0.021877368058693312,
  "POL": 0.017169835976586764,
  "AUT": 0.016683101990657048,
  "NLD": 0.015301846680650513
}
