{
  "DEU": 0.38875335341278255,
  "BEL": 0.18136461092995745,
  "RUS": 0.0815559320948462,
  "RoW": 0.07059479977120257,
  "UKR": 0.06188356401559597,
  "BRA": 0.061480561846357286,
  "LTU": 0.03718683215926824,
  "FRA": 0.03129113889167682,
  "CZE": 0.022298060718197604,
  "POL": 0.02047211417613633,
  "AUT": 0.01693669990081953,
  "CHN": 0.014159432742683834,
  "EST": 0.012022899340475731
}
