{
  "DEU": 0.5939628001817333,
  "BEL": 0.15139881924010778,
  "AUT": 0.11213706164224789,
  "RoW": 0.08842271468510571,
  "FRA": 0.027166995765662845,
  "POL": 0.015941065773419517,
  "CHE": 0.010970542711723062
}
