{
  "DEU": 0.37166755024988113,
  "BEL": 0.29248087026458264,
  "FRA": 0.11478676755952442,
  "RoW": 0.10135420417366685,
  "POL": 0.06648195265780543,
  "CHN": 0.01884908992353015,
  "CZE": 0.017261471214455006,
  "NLD": 0.017118093956554375
}
