{
  "DEU": 0.28541094326505173,
  "BEL": 0.01666677765809157,
  "RoW": 0.015707475560645397,
  "FRA": 0.3820255710224668,
  "POL": 0.09081428467433154,
  "NLD": 0.01822168672041495,
  "CHN": 0.06211764075296451,
  "CZE": 0.011327545035094718,
  "ROU": 0.11770807531093883
}
