{
  "DEU": 0.5293690810619818,
  "PRT": 0.359726675718026,
  "RoW": 0.05262487320935033,
  "CHN": 0.026759402845665397,
  "NLD": 0.019000461211715364,
  "BEL": 0.01251950595326107
}
