{
  "FRA": 0.609349082358729,
  "CHN": 0.25092926376045716,
  "BEL": 0.08000208844330652,
  "DEU": 0.023240569608182673,
  "RoW": 0.02160388589219433,
  "POL": 0.014875109937130513
}
