{
  "BEL": 0.2795487448583298,
  "DEU": 0.23940100156413463,
  "LUX": 0.1779912852178673,
  "USA": 0.10749414722409285,
  "NLD": 0.06154308097583826,
  "FRA": 0.05769390927500349,
  "ITA": 0.028777303342036188,
  "RoW": 0.02512874070692226,
  "CZE": 0.02242178683577526
}
