{
  "CZE": 0.4607094517040814,
  "BEL": 0.1992366427355246,
  "DEU": 0.1834255408862917,
  "PRT": 0.06444705759129041,
  "FRA": 0.04914133142044849,
  "RoW": 0.027658443158412087,
  "CHN": 0.015381532503951282
}
