{
  "NLD": 0.3331989031694792,
  "BEL": 0.20006974220844143,
  "DEU": 0.18863355973736537,
  "RoW": 0.11789889968230503,
  "FRA": 0.10126944543648965,
  "DNK": 0.03381396944180645,
  "IND": 0.014123131141873576,
  "ITA": 0.010992349182239264
}
