{
  "FRA": 0.30864177738259563,
  "RoW": 0.278002614593118,
  "BEL": 0.1540690604433567,
  "MYS": 0.1250634313818006,
  "CHN": 0.08705469047394819,
  "DEU": 0.04716842572518105
}
