{
  "RoW": 0.42418892840983424,
  "DEU": 0.24145942841678905,
  "CHN": 0.17487873714011365,
  "FRA": 0.09263112384833197,
  "BEL": 0.06684178218493106
}
