{
  "DEU": 0.3529595798003137,
  "BEL": 0.17431499359957459,
  "RoW": 0.1705423711415769,
  "LUX": 0.08610216622049882,
  "CHN": 0.06396203448552007,
  "FRA": 0.055378450197094656,
  "VNM": 0.05279303327314312,
  "CZE": 0.01733643768291874,
  "NLD": 0.016568809495396585,
  "POL": 0.010042124103962833
}
