{
  "BEL": 0.5888216273435164,
  "DEU": 0.1340948496439297,
  "FRA": 0.09751873681662673,
  "RoW": 0.08538888735605223,
  "PRT": 0.05344543792842935,
  "HRV": 0.02361028070794405,
  "ITA": 0.017120180203501548
}
