{
  "BEL": 0.43707345077654397,
  "DEU": 0.3821750085386664,
  "NLD": 0.07354164028511807,
  "RoW": 0.07172190399113296,
  "FRA": 0.035487996408538516
}
