{
  "DEU": 0.504124003872034,
  "BEL": 0.4501772936686722,
  "RoW": 0.030164721956929885,
  "NLD": 0.015533980502363822
}
