{
  "DEU": 0.5070786002967431,
  "BEL": 0.3219175852969147,
  "FRA": 0.08145257762313636,
  "LUX": 0.04857266977074147,
  "RoW": 0.04097856701246451
}
