{
  "DEU": 0.8043711385651873,
  "RoW": 0.11039128236919626,
  "BEL": 0.030232064244906882,
  "ITA": 0.026450428714831328,
  "ESP": 0.01637580320953771,
  "AUT": 0.012179282896340661
}
