{
  "DEU": 0.3076855000396678,
  "BEL": 0.11182928632104465,
  "CHN": 0.10192851254511849,
  "RoW": 0.08913322092665367,
  "FRA": 0.08607453613921852,
  "THA": 0.08003486459045846,
  "ITA": 0.06958842773061312,
  "AUT": 0.04480261458125943,
  "GBR": 0.033131983399588893,
  "IND": 0.03134666559621963,
  "ESP": 0.030379144618376475,
  "MEX": 0.014065243511780729
}
