{
  "ESP": 0.3334510928180855,
  "GBR": 0.32792974356670285,
  "DEU": 0.1498805524359624,
  "IND": 0.04944551730670208,
  "ITA": 0.048910449921753564,
  "RoW": 0.026117785144661013,
  "BEL": 0.018702107047487475,
  "FRA": 0.017015240979719033,
  "USA": 0.016304964200821653,
  "POL": 0.012242546578104418
}
