{
  "DEU": 0.7046608213601205,
  "BEL": 0.24908655109053,
  "RoW": 0.046252627549349494
}
