{
  "ITA": 0.4225725027735109,
  "DEU": 0.13582703132490864,
  "RoW": 0.12415699358739277,
  "ESP": 0.11878843028909264,
  "BEL": 0.09229024749273305,
  "FRA": 0.025054902933628373,
  "PRT": 0.0242556125092197,
  "LUX": 0.017163816976038204,
  "CZE": 0.01557205272101005,
  "POL": 0.014061219174777918,
  "NLD": 0.01025719021768783
}
