{
  "ITA": 0.5093291334726268,
  "IND": 0.15084871955177592,
  "RoW": 0.12758185822809823,
  "DEU": 0.10982882075369092,
  "BEL": 0.06953548312916231,
  "SWE": 0.02143387047643819,
  "FRA": 0.01144211438820767
}
