{
  "DEU": 0.43757601036406923,
  "BEL": 0.31854671238382876,
  "RoW": 0.058788146294693235,
  "CHN": 0.034420382756335674,
  "ESP": 0.029567030296644564,
  "NLD": 0.02662385560785246,
  "ITA": 0.026120798032961162,
  "ROU": 0.020239455377459695,
  "POL": 0.01984386307701158,
  "FRA": 0.016233903701107878,
  "EGY": 0.012039842108035525
}
