{
  "BEL": 0.29873024421971206,
  "DEU": 0.22211374724922842,
  "RoW": 0.1445490348291606,
  "ITA": 0.10332334692177851,
  "NLD": 0.06103391900835499,
  "ESP": 0.05645679361563516,
  "PRT": 0.055110936053429156,
  "FRA": 0.016979888318061177,
  "CHN": 0.015394945165163241,
  "GRC": 0.013682230994548497,
  "VNM": 0.012624913624928192
}
