{
  "DEU": 0.5762921086443441,
  "RoW": 0.11233992973912335,
  "BEL": 0.09592687624320526,
  "GBR": 0.07348635745375118,
  "ITA": 0.035444804045460736,
  "ESP": 0.03212113798083492,
  "POL": 0.02351782297575188,
  "FRA": 0.021968715818139247,
  "TUR": 0.014531955809338679,
  "HUN": 0.01437029129005072
}
