{
  "DEU": 0.38235260372132784,
  "BEL": 0.2988610056189116,
  "FRA": 0.1505668452829245,
  "ESP": 0.04458029616963542,
  "RoW": 0.040045617242181294,
  "NLD": 0.0360640482161491,
  "TUR": 0.020210369866934412,
  "POL": 0.014732511215492246,
  "ITA": 0.012586702666443501
}
