{
  "DEU": 0.3111756165584442,
  "BEL": 0.25254211255458225,
  "CHN": 0.1245941983293361,
  "RoW": 0.12226136261323764,
  "FRA": 0.10547961906884688,
  "ITA": 0.049248956263818255,
  "ESP": 0.01820516427994741,
  "NLD": 0.01649297033178737
}
