{
  "DEU": 0.41775202632947567,
  "BEL": 0.299750245457923,
  "CZE": 0.10329942721412814,
  "FIN": 0.10088243268527092,
  "RoW": 0.0636190310442224,
  "AUT": 0.014696837268979926
}
