{
  "DEU": 0.4946740734511949,
  "FRA": 0.4259966907120369,
  "BEL": 0.05404590499963559,
  "RoW": 0.025283330837132703
}
