{
  "BEL": 0.3160390209414052,
  "DEU": 0.19441428211133685,
  "FRA": 0.1542944935143635,
  "RoW": 0.14202576539466752,
  "ITA": 0.0715866871407978,
  "NLD": 0.06186612942909062,
  "SVK": 0.036737762553704624,
  "LUX": 0.023035858914633812
}
