{
  "FRA": 0.45357251743043614,
  "BEL": 0.16772379853282196,
  "DEU": 0.15358940765974324,
  "ROU": 0.13019964804771703,
  "NLD": 0.028260546151268485,
  "RUS": 0.02818363793813766,
  "IND": 0.023048474286217504,
  "RoW": 0.015421969953658087
}
