{
  "FRA": 0.2617109303473402,
  "BEL": 0.22797552300108076,
  "DEU": 0.2142199884575259,
  "NLD": 0.20197927041271377,
  "RoW": 0.07986530113524917,
  "ESP": 0.014248986646090353
}
