{
  "DEU": 0.579314980852901,
  "FRA": 0.31816744081866744,
  "RoW": 0.031722894004139635,
  "ITA": 0.026225148290920663,
  "BEL": 0.022502196956953456,
  "ESP": 0.022067339076417863
}
