{
  "LUX": 0.8361307645256614,
  "DEU": 0.06094244509178343,
  "POL": 0.055095906288040015,
  "BEL": 0.01988297063779854,
  "RoW": 0.0167288469139134,
  "FRA": 0.011219066542803344
}
