{
  "BEL": 0.8943238906603934,
  "FRA": 0.05969797099414209,
  "DEU": 0.02419701891662708,
  "RoW": 0.021781119428837446
}
