{
  "DEU": 0.5242797824585698,
  "FRA": 0.3635576579804879,
  "RoW": 0.053404097655051275,
  "BEL": 0.03933267427134008,
  "ITA": 0.01942578763455097
}
