{
  "DEU": 0.583249128573939,
  "BEL": 0.3138328625362465,
  "LUX": 0.06322869093499531,
  "FRA": 0.026821472438829225,
  "RoW": 0.01286784551599005
}
