{
  "DEU": 0.3082704028678218,
  "BEL": 0.23138317717266663,
  "NLD": 0.15758909911861443,
  "RoW": 0.1547562296260726,
  "FRA": 0.0770106246289405,
  "LUX": 0.027406921641059685,
  "ITA": 0.02255345136054919,
  "BGR": 0.021030093584275007
}
