{
  "DEU": 0.36770313182153863,
  "RoW": 0.21848589484961814,
  "BEL": 0.16475051245488898,
  "MKD": 0.06413732398134167,
  "PRT": 0.05037302160162362,
  "FRA": 0.048362682604240606,
  "NLD": 0.04575886095161064,
  "ITA": 0.021673108375673884,
  "LUX": 0.01875546335946385
}
