{
  "DEU": 0.242562493979362,
  "BEL": 0.23460445222079265,
  "CHN": 0.19778100104441843,
  "FRA": 0.12376747865704914,
  "RoW": 0.08497939464661738,
  "ITA": 0.04748253969925466,
  "NLD": 0.0365382538943978,
  "PRT": 0.020490085319122255,
  "LUX": 0.0117943005389857
}
