{
  "DEU": 0.3314196996607707,
  "BEL": 0.1724839976715991,
  "AUT": 0.09510127882439359,
  "RoW": 0.09450806072984473,
  "FRA": 0.08285425983102745,
  "ITA": 0.07275264806732681,
  "LUX": 0.058355331923338055,
  "POL": 0.03806963444455581,
  "NLD": 0.03190095345118687,
  "CZE": 0.02255413539595689
}
