{
  "DEU": 0.5973121280852787,
  "POL": 0.09857458352512083,
  "BEL": 0.09499816529291272,
  "FRA": 0.06453766333786222,
  "RoW": 0.06210289468331581,
  "CHE": 0.027056287182530298,
  "BGR": 0.02601681613030103,
  "TUR": 0.019360408997150687,
  "AUT": 0.010041052765527785
}
