{
  "VNM": 0.6032211194909509,
  "BEL": 0.14598586898349056,
  "CHN": 0.10147288384845525,
  "KOR": 0.053260567181169845,
  "DEU": 0.03986575600154126,
  "RoW": 0.025455859704026373,
  "TUR": 0.017448070984411507,
  "ESP": 0.013289873805954248
}
