{
  "DEU": 0.4722172736128732,
  "NLD": 0.30346126463666534,
  "FRA": 0.10529842655567798,
  "BEL": 0.06249379390282365,
  "POL": 0.026174612372495767,
  "RoW": 0.019797454245809858,
  "ITA": 0.01055717467365414
}
