{
  "DEU": 0.4666289326415274,
  "BEL": 0.21693804415571072,
  "RoW": 0.08806620358431702,
  "NLD": 0.05665738331361451,
  "CHN": 0.04686373887250565,
  "HRV": 0.04666658290302423,
  "USA": 0.025724273336954217,
  "FRA": 0.02396996253041139,
  "ITA": 0.015217539687908462,
  "AUT": 0.013267338974026491
}
