{
  "DEU": 0.7891016243888739,
  "BEL": 0.13579343314451905,
  "RoW": 0.06206996955075184,
  "CHN": 0.013034972915855265
}
