{
  "DEU": 0.14024040466821489,
  "BEL": 0.010989155567799736,
  "RoW": 0.7713920098391374,
  "CHN": 0.07737842992484811
}
