{
  "DEU": 0.6008979745014094,
  "BEL": 0.12256006351606145,
  "CHN": 0.1048049232165949,
  "FRA": 0.09263747588933133,
  "RoW": 0.04285260518125384,
  "BRA": 0.036246957695349094
}
