{
  "DEU": 0.3479329478583595,
  "BEL": 0.16747614960332893,
  "FRA": 0.10362328558455264,
  "RoW": 0.09425494694239067,
  "ITA": 0.060043179591813794,
  "NLD": 0.05658176647897968,
  "POL": 0.04939099130359256,
  "CZE": 0.032712407554097676,
  "CHN": 0.02897407133087578,
  "PRT": 0.02294901146468792,
  "TUR": 0.02182091958768474,
  "LUX": 0.014240322699636
}
