{
  "DEU": 0.4077692265173655,
  "FRA": 0.3561284170909057,
  "BEL": 0.1720454452015528,
  "RoW": 0.04977018221492591,
  "NLD": 0.014286728975250112
}
