{
  "DEU": 0.556115485949624,
  "ITA": 0.3356856532251054,
  "BEL": 0.08460340122927858,
  "FRA": 0.0124232292284814,
  "RoW": 0.011172230367510744
}
