{
  "DEU": 0.0843641701991755,
  "ITA": 0.5352401375458857,
  "BEL": 0.011071272315755566,
  "FRA": 0.3634202608516322,
  "RoW": 0.0059041590875511
}
