{
  "DEU": 0.8393975286911003,
  "BEL": 0.08379211747461954,
  "RoW": 0.023151242566866008,
  "GRC": 0.0148993912779687,
  "NLD": 0.01385745790726985,
  "CZE": 0.013115538305574215,
  "FRA": 0.011786723776601376
}
