{
  "NLD": 0.6447277302697244,
  "ISL": 0.07468616520307006,
  "ZAF": 0.06375298939970786,
  "RUS": 0.045892209622794056,
  "ARE": 0.03399919574721518,
  "IND": 0.033155083734302926,
  "MOZ": 0.0316209421674739,
  "DEU": 0.01677112185309625,
  "FRA": 0.01642637455809961,
  "KAZ": 0.01361094917289098,
  "CMR": 0.012994657477180484,
  "RoW": 0.012362580794444314
}
