{
  "DEU": 0.5595997320272649,
  "BEL": 0.16621471620034628,
  "RoW": 0.07354002186849486,
  "CZE": 0.04674394818000572,
  "ITA": 0.03910463782865918,
  "NLD": 0.03750263173215285,
  "TUR": 0.03490926014611484,
  "FRA": 0.019802939195493755,
  "LUX": 0.011306505555709263,
  "POL": 0.011275607265758342
}
