{
  "DEU": 0.6831126849247033,
  "BEL": 0.16117919843545003,
  "USA": 0.06394640700676095,
  "RoW": 0.05190674699228325,
  "FRA": 0.03985496264080233
}
