{
  "BEL": 0.5073439611617236,
  "DEU": 0.3603351066809009,
  "FRA": 0.060891493772299646,
  "RoW": 0.04775270514487905,
  "POL": 0.023676733240196837
}
