{
  "DEU": 0.44185082578139384,
  "BEL": 0.1410786826097935,
  "POL": 0.10300420591915153,
  "RoW": 0.07940119471498024,
  "FRA": 0.07012067346561482,
  "TUR": 0.042259326952740796,
  "ITA": 0.035597780308333944,
  "SVN": 0.02464667776655663,
  "NLD": 0.022544823481408516,
  "AUT": 0.020076880475278037,
  "LUX": 0.01941892852474804
}
