{
  "DEU": 0.9650919075578973,
  "POL": 0.02613940088002729,
  "RoW": 0.008768691562075354
}
