{
  "DEU": 0.6074634463593265,
  "BEL": 0.34697999541060387,
  "RoW": 0.035163681441944865,
  "NLD": 0.010392876788124833
}
