{
  "DEU": 0.6379794370755016,
  "BEL": 0.19580462365131743,
  "RoW": 0.045306731358702106,
  "FRA": 0.025586361724861544,
  "SWE": 0.022383557507912898,
  "NLD": 0.020936949368478276,
  "ITA": 0.018549739435016685,
  "CHN": 0.018430367668397563,
  "FIN": 0.015022232209811878
}
