{
  "CHN": 0.31309937363061496,
  "DEU": 0.286670983112107,
  "BEL": 0.10443165511530778,
  "RoW": 0.09771875306672219,
  "USA": 0.0768966664428751,
  "IND": 0.05645957660069834,
  "FRA": 0.03053122092312297,
  "NLD": 0.024127530384574256,
  "ESP": 0.01006424072397746
}
