{
  "DEU": 0.6331470179970476,
  "BEL": 0.23172340157191176,
  "AUT": 0.0715795004778941,
  "FRA": 0.024928464049371577,
  "POL": 0.020365975620233817,
  "RoW": 0.01825564028354111
}
