{
  "IRL": 0.5254806399274574,
  "DEU": 0.11934127958027342,
  "ITA": 0.11277811599460537,
  "CHN": 0.11024003853543458,
  "RoW": 0.04562873541689502,
  "BEL": 0.042728136079741685,
  "FRA": 0.015818408343424312,
  "NLD": 0.014333428570863909,
  "POL": 0.013651217551304363
}
