{
  "DEU": 0.36336019383619544,
  "USA": 0.20544862124102567,
  "BEL": 0.11116798819567021,
  "CHN": 0.0784952346109036,
  "RoW": 0.06042160844607483,
  "FRA": 0.05013012530823125,
  "ITA": 0.04382949214277911,
  "JPN": 0.026710434584759087,
  "SVK": 0.020175442407058708,
  "POL": 0.01471059152186598,
  "NLD": 0.014193418264008838,
  "AUT": 0.011356849441427268
}
