{
  "DEU": 0.358619456360256,
  "BEL": 0.285249358237259,
  "FRA": 0.07022794228002202,
  "CZE": 0.05176142162032206,
  "RoW": 0.049269447445863854,
  "LUX": 0.044020943403736405,
  "ITA": 0.033845472800661934,
  "CHN": 0.031351683111664246,
  "NLD": 0.023969489680310374,
  "AUT": 0.0152573598517477,
  "ESP": 0.013337788513676098,
  "TUR": 0.011646426064969507,
  "POL": 0.011443210629510963
}
