{
  "DEU": 0.28090747877140143,
  "BEL": 0.18246224572502912,
  "FRA": 0.1357666148312921,
  "RoW": 0.10889864800114701,
  "ITA": 0.09750293585446686,
  "CHN": 0.05150046946155844,
  "HUN": 0.03949883770738529,
  "TUR": 0.03559495959513577,
  "POL": 0.03534450045314118,
  "AUT": 0.03252330959944268
}
