{
  "DEU": 0.5741577716052277,
  "BEL": 0.10325607393608917,
  "ITA": 0.09565308198881677,
  "RoW": 0.0774921286388174,
  "FRA": 0.07180601203856085,
  "CZE": 0.019863228535855874,
  "CHN": 0.0189520563825033,
  "NLD": 0.013103020173907838,
  "POL": 0.012879686295213815,
  "AUT": 0.012836940405007168
}
