{
  "DEU": 0.6806961060132185,
  "BEL": 0.10025897033585973,
  "RoW": 0.0808830846018178,
  "FRA": 0.04269133993288598,
  "CHN": 0.035045730414629016,
  "ITA": 0.020431824617551417,
  "CHE": 0.017156603288949787,
  "USA": 0.012347394642671795,
  "KOR": 0.010488946152416053
}
