{
  "ITA": 0.33500026041411063,
  "DEU": 0.17607832256667144,
  "CZE": 0.14661812205742442,
  "USA": 0.09198726765769491,
  "RoW": 0.06822831941025465,
  "BEL": 0.06715267475075891,
  "FRA": 0.03627688177147405,
  "NLD": 0.030984049556504814,
  "GRC": 0.020830487470576822,
  "CHN": 0.015532855763915715,
  "POL": 0.01131075858061372
}
