{
  "JPN": 0.40545499633517523,
  "FRA": 0.11109475103825707,
  "DEU": 0.1013713711442101,
  "SVK": 0.08887053518933415,
  "RoW": 0.05842919668294251,
  "ESP": 0.05334387300572353,
  "FIN": 0.04931950451986148,
  "BEL": 0.041490838198764396,
  "NLD": 0.039902656341909384,
  "ITA": 0.027749337862608706,
  "POL": 0.012653311421905945,
  "ROU": 0.010319628259307673
}
