{
  "DEU": 0.36425851934159753,
  "BEL": 0.15444205767996694,
  "CHN": 0.11551614188252511,
  "ITA": 0.06436297578728398,
  "ISR": 0.060552591070253736,
  "RoW": 0.06017111347583778,
  "LUX": 0.04234996641289909,
  "FRA": 0.041134978899654284,
  "THA": 0.033349341203583384,
  "USA": 0.025568418176226727,
  "CZE": 0.02377332674313718,
  "NLD": 0.014520569327034228
}
