{
  "NLD": 0.6171837979670513,
  "DEU": 0.12684778643666586,
  "BEL": 0.07587769376670653,
  "FRA": 0.03285374672577079,
  "RoW": 0.032076596728050355,
  "LUX": 0.028208278921462923,
  "CHN": 0.023342709954124713,
  "JPN": 0.022484075267352202,
  "POL": 0.02151028511222906,
  "ITA": 0.01961502912058626
}
