{
  "JPN": 0.5541394734457085,
  "DEU": 0.15380955846410843,
  "RoW": 0.1042279005254183,
  "BEL": 0.05281760935670466,
  "ITA": 0.03343090023914925,
  "CZE": 0.030352975406759002,
  "CHN": 0.023638742655899568,
  "FRA": 0.019287810382898198,
  "USA": 0.01824480318941388,
  "NLD": 0.010050226333940392
}
