{
  "DEU": 0.7262079739564874,
  "BEL": 0.11311377086348055,
  "FRA": 0.035064365817808536,
  "ITA": 0.03487821729411417,
  "RoW": 0.026882960998148415,
  "ESP": 0.026635078591734293,
  "NLD": 0.02236256320155837,
  "AUT": 0.01485506927666822
}
