{
  "DEU": 0.2598360456476036,
  "CHN": 0.11985011984668664,
  "NLD": 0.09152634610562103,
  "AUT": 0.08107277387279727,
  "ITA": 0.07166375073365344,
  "BEL": 0.06947554146890568,
  "RoW": 0.06578642660646745,
  "JPN": 0.06489478782599468,
  "HRV": 0.06128957054608393,
  "ESP": 0.03775431972510471,
  "POL": 0.021445698780372155,
  "FRA": 0.01609889962465493,
  "FIN": 0.015267583695711493,
  "ISR": 0.012031036576695353,
  "USA": 0.012007098943647744
}
