{
  "DEU": 0.07591956715329196,
  "FRA": 0.03928670642748713,
  "BEL": 0.4185759873706936,
  "ITA": 0.34022142044759107,
  "RoW": 0.06250501440801334,
  "CHN": 0.010635940850472082,
  "POL": 0.05285536334245074
}
