{
  "DEU": 0.3944143834284398,
  "FRA": 0.33846077007157493,
  "BEL": 0.07969523242479096,
  "ITA": 0.07026660582097738,
  "CHN": 0.05020535988666633,
  "RoW": 0.04644853898020575,
  "JPN": 0.020509109387344838
}
