{
  "DEU": 0.32126525806902656,
  "FRA": 0.18310846348347992,
  "BEL": 0.16633085338065962,
  "RoW": 0.13786593358381738,
  "CHN": 0.06575696638363182,
  "NLD": 0.056083190481665074,
  "LUX": 0.028979225064345745,
  "USA": 0.01982684693082772,
  "POL": 0.010582291754338414,
  "CZE": 0.010200970868207692
}
