{
  "CHN": 0.41759154133553866,
  "BEL": 0.24824534380793767,
  "DEU": 0.19200316475940962,
  "RoW": 0.06449685210697094,
  "FRA": 0.037485215816409685,
  "VGB": 0.01559915197926526,
  "NLD": 0.012983415757793158,
  "ITA": 0.011595314436674949
}
