{
  "DEU": 0.44551799238525325,
  "BEL": 0.18844156326999567,
  "RoW": 0.14930341260123542,
  "FRA": 0.06926004775833176,
  "CAN": 0.04688971320753784,
  "ITA": 0.04267665167558756,
  "USA": 0.02816580563920295,
  "TUR": 0.018486920182844445,
  "AUT": 0.011257893280011151
}
