{
  "DEU": 0.3896701989329199,
  "BEL": 0.16371809540921684,
  "CHN": 0.10703631479833756,
  "FRA": 0.09458678599468018,
  "RoW": 0.07092325807146398,
  "ESP": 0.04245755451276097,
  "POL": 0.031153479660118756,
  "ITA": 0.029713664087619246,
  "NLD": 0.0176795332137513,
  "ROU": 0.01596862585334331,
  "AUT": 0.014880374579184534,
  "PRT": 0.011554201750693214,
  "CHE": 0.010657913135910312
}
