{
  "CHN": 0.3826402358137207,
  "BEL": 0.20975966900623644,
  "RoW": 0.09700605380846768,
  "DEU": 0.08349327812991622,
  "USA": 0.05551052352928505,
  "NLD": 0.05302640565971069,
  "KOR": 0.04319887451740784,
  "FRA": 0.026498049980607504,
  "JPN": 0.01740091985540595,
  "AUT": 0.017370235628550435,
  "IRL": 0.014095754070691463
}
