{
  "RoW": 0.1771862550963545,
  "CHN": 0.17223971355486703,
  "DEU": 0.1419813670881676,
  "NLD": 0.12245249382280697,
  "BEL": 0.09328374952764715,
  "JPN": 0.0859850413196511,
  "FRA": 0.05585016557940461,
  "THA": 0.04133314699829897,
  "USA": 0.03103456060984067,
  "GBR": 0.028024640656078844,
  "SWE": 0.022908079309812916,
  "HKG": 0.014111558115952067,
  "POL": 0.013609228321117772
}
