{
  "BEL": 0.48619174232910733,
  "CHN": 0.14659083410876728,
  "RoW": 0.10109159855194984,
  "DEU": 0.06735027743316076,
  "NLD": 0.0589719491733614,
  "PRK": 0.04814753415085588,
  "FRA": 0.04471329310885405,
  "JPN": 0.031116184261514405,
  "POL": 0.015826586882429088
}
