{
  "BEL": 0.3274332617637415,
  "LUX": 0.18105142670743696,
  "CHN": 0.08472359350816401,
  "USA": 0.07595383913073732,
  "RoW": 0.06250446172261899,
  "TUR": 0.04874989301830963,
  "DEU": 0.04851191187419592,
  "FRA": 0.040267024755464606,
  "ITA": 0.03225690288649344,
  "GBR": 0.02928138905509198,
  "KOR": 0.025791075759747532,
  "NLD": 0.021732597789066294,
  "ISR": 0.011346625217006365,
  "IRL": 0.01039599681192564
}
