{
  "DEU": 0.34267846247506184,
  "BEL": 0.2269872347206859,
  "NLD": 0.10708875644872716,
  "RoW": 0.09070045702565342,
  "CHN": 0.06615893587503843,
  "FRA": 0.04987454236266034,
  "POL": 0.03222819367269891,
  "ROU": 0.02915638241376943,
  "ITA": 0.02771596496583711,
  "JPN": 0.027411070039867435
}
