{
  "FRA": 0.01712440983192707,
  "DEU": 0.19780272897041923,
  "BEL": 0.24178732036117576,
  "RoW": 0.01036817531008579,
  "LUX": 0.3313085007107051,
  "ITA": 0.03369547137880159,
  "NLD": 0.04905981978195938,
  "NOR": 0.030140512717187325,
  "AUT": 0.024381564324322084,
  "ESP": 0.06433149661341661
}
