{
  "FRA": 0.38315064149307704,
  "DEU": 0.2324605146181829,
  "BEL": 0.16733233898367048,
  "RoW": 0.07153542597601417,
  "LUX": 0.046018479866857386,
  "NLD": 0.0377480050679217,
  "ITA": 0.026118803294000792,
  "NOR": 0.02020824561634828,
  "AUT": 0.015427545083927336
}
