{
  "BEL": 0.353803601044942,
  "DEU": 0.3449041793430802,
  "RoW": 0.10165141467070363,
  "FRA": 0.08835665140842709,
  "CHN": 0.024428503578695963,
  "CZE": 0.01844696565069936,
  "AUT": 0.015899295829155082,
  "JPN": 0.014561945293414327,
  "POL": 0.013659141625311925,
  "NLD": 0.012257038871223125,
  "ITA": 0.012031262684347323
}
