{
  "DEU": 0.4143206296823251,
  "JPN": 0.2797673849930674,
  "FRA": 0.10103807491918404,
  "RoW": 0.0777439298885604,
  "BEL": 0.05152933968655942,
  "CHN": 0.028056094573217047,
  "ESP": 0.023763260714923184,
  "POL": 0.012382625389980027,
  "NOR": 0.011398660152183476
}
