{
  "DEU": 0.571812163331131,
  "BEL": 0.20364753585635229,
  "FRA": 0.10081316798849085,
  "RoW": 0.06725341099223468,
  "ITA": 0.020553402767745945,
  "JPN": 0.012872737289660251,
  "ROU": 0.012773026600038479,
  "NLD": 0.01027455517434658
}
