{
  "DEU": 0.3345324839391726,
  "THA": 0.13826464401674246,
  "IND": 0.12479459257043769,
  "CHN": 0.10420110790861503,
  "BEL": 0.08858736319944996,
  "RoW": 0.08231660087412315,
  "FRA": 0.0797013459743739,
  "NLD": 0.03486866875906012,
  "ITA": 0.012733192758025204
}
