{
  "CHN": 0.6832543882476524,
  "DEU": 0.1114186031380845,
  "RoW": 0.0841058329814719,
  "BEL": 0.03445299578795027,
  "KOR": 0.034139141813292716,
  "PRK": 0.019372773335389514,
  "NLD": 0.017634313031486364,
  "LTU": 0.015621951664672385
}
