{
  "DEU": 0.5703798979061506,
  "BEL": 0.12363258926897838,
  "AUT": 0.08549455964988921,
  "RoW": 0.06396047333415847,
  "CHN": 0.036472652550275576,
  "ITA": 0.03267369951605471,
  "FRA": 0.026323019100626045,
  "ARE": 0.023028784003088727,
  "POL": 0.013679474771215503,
  "TUR": 0.013460852177244614,
  "JPN": 0.01089399772231822
}
