{
  "BEL": 0.5585492698586583,
  "DEU": 0.25721508935645765,
  "SVK": 0.0948353594454644,
  "RoW": 0.05082564740826894,
  "ITA": 0.0237891147826768,
  "HUN": 0.014785519148474079
}
