{
  "FRA": 0.38776982109373825,
  "DEU": 0.1604185627538214,
  "BEL": 0.13012741484677848,
  "CHN": 0.10757990725855178,
  "RoW": 0.05508644171112914,
  "USA": 0.04288943945994851,
  "ITA": 0.032121299686153654,
  "CHE": 0.027421222734214133,
  "ESP": 0.016075239138954776,
  "LUX": 0.015340497356100893,
  "POL": 0.013639985409784032,
  "GBR": 0.011530168550824893
}
