{
  "DEU": 0.3589523791729266,
  "NLD": 0.195755690087002,
  "FRA": 0.15720590672467513,
  "RoW": 0.07662701610071591,
  "BEL": 0.051647769591068204,
  "THA": 0.05009485953016224,
  "POL": 0.03988051057454164,
  "USA": 0.0341793634723373,
  "ITA": 0.013091545016617006,
  "CHN": 0.012154945746024307,
  "DNK": 0.010410013983929645
}
