{
  "DEU": 0.5756832862593791,
  "FRA": 0.14867658763321237,
  "CHE": 0.05850423770358145,
  "RoW": 0.05362680410314141,
  "BEL": 0.05065544841342081,
  "POL": 0.02362923930471765,
  "CHN": 0.02243716822357511,
  "ISR": 0.018628417811737265,
  "DNK": 0.016516016936231913,
  "SVK": 0.016244567453009607,
  "ITA": 0.015398226157993416
}
