{
  "BEL": 0.3773161252808452,
  "DEU": 0.23338426126340325,
  "POL": 0.07496425547400591,
  "JPN": 0.07324044861085534,
  "RoW": 0.06304101627596148,
  "CHN": 0.061889946161893396,
  "NLD": 0.045540772547299414,
  "FRA": 0.0385420882764633,
  "ITA": 0.01709615112584806,
  "USA": 0.014984934983424745
}
