{
  "DEU": 0.4006249517694931,
  "MEX": 0.12887077018908483,
  "CHN": 0.08080211635355425,
  "JPN": 0.07568586707244056,
  "RoW": 0.06170503637512663,
  "BEL": 0.05975035489728297,
  "CHE": 0.05409635663896865,
  "USA": 0.02716607450837019,
  "MAR": 0.025692473752171093,
  "FRA": 0.023790183310024925,
  "ITA": 0.02358898530167531,
  "NLD": 0.01972738208974275,
  "AUT": 0.01849944774206487
}
