{
  "ITA": 0.38994500501744417,
  "DEU": 0.15974417320721637,
  "CHN": 0.09888591485045353,
  "USA": 0.06350795309066501,
  "BEL": 0.06040294207109047,
  "RoW": 0.05441429325004638,
  "ISR": 0.05004226926260552,
  "GBR": 0.04418204499489703,
  "FRA": 0.039616827297754856,
  "NLD": 0.02887940011165954,
  "EGY": 0.010379176846167015
}
