{
  "DEU": 0.3960263397555338,
  "POL": 0.16017866699060604,
  "BEL": 0.09858805102796447,
  "CHN": 0.07786753151423274,
  "RoW": 0.07301904262088908,
  "FRA": 0.06045180861424951,
  "ITA": 0.05751141445181802,
  "NLD": 0.0504114838207057,
  "LTU": 0.01380831431509831,
  "DNK": 0.012137346888902518
}
