{
  "DEU": 0.5330865269473141,
  "RoW": 0.09421300567176041,
  "FRA": 0.07714899778608604,
  "BEL": 0.07558763036767788,
  "ITA": 0.060250819303798116,
  "POL": 0.05731261424298481,
  "CHN": 0.03246552931518499,
  "NLD": 0.025714852846277416,
  "PRT": 0.016106371280375675,
  "AUT": 0.015612191408985215,
  "DNK": 0.012501460829555514
}
