{
  "DEU": 0.28852686871063044,
  "CHN": 0.1866387277139686,
  "BEL": 0.15211430998291117,
  "ESP": 0.06119153950683144,
  "RoW": 0.06059434750519079,
  "AUT": 0.05914507679586139,
  "FRA": 0.04360230094018302,
  "POL": 0.0393526663607537,
  "NLD": 0.03876699692234653,
  "ITA": 0.0352920306861883,
  "SRB": 0.02469650605621526,
  "GBR": 0.010078628818919279
}
