{
  "DEU": 0.5012347794202546,
  "BEL": 0.09742311333766528,
  "RoW": 0.07461697221399007,
  "AUT": 0.0626480996646313,
  "CZE": 0.055656188046674715,
  "HRV": 0.054161729787530144,
  "PRT": 0.050972652227946086,
  "FRA": 0.041172224151589595,
  "CHE": 0.029879511138983742,
  "POL": 0.011355219634840936,
  "NLD": 0.010824842886360464,
  "EST": 0.0100546674895331
}
